{
  "entrypoints": {
    "header": "WITH bounds AS (\n  SELECT\n    COALESCE(NULLIF(:from_date, ''), MIN(timestamp_utc)) AS range_start,\n    COALESCE(NULLIF(:to_date, ''), MAX(timestamp_utc)) AS range_end\n  FROM neuract__TEMPERATURES\n)\nSELECT\n  CASE WHEN NULLIF(:from_date, '') IS NULL THEN '' ELSE strftime('%d-%m-%Y', date(:from_date)) END AS report_from_date,\n  CASE WHEN NULLIF(:to_date, '') IS NULL THEN '' ELSE strftime('%d-%m-%Y', date(:to_date)) END AS report_to_date,\n  strftime('%d-%m-%Y', 'now', 'localtime') AS print_date\nFROM bounds;",
    "rows": "WITH\n  params AS (\n    SELECT\n      date(NULLIF(:from_date, '')) AS from_ts,\n      date(NULLIF(:to_date, '')) AS to_ts\n  ),\n  filtered AS (\n    SELECT t.*\n    FROM neuract__TEMPERATURES t, params p\n    WHERE (p.from_ts IS NULL OR date(t.timestamp_utc) >= p.from_ts)\n      AND (p.to_ts IS NULL OR date(t.timestamp_utc) <= p.to_ts)\n  )\nSELECT\n  date(filtered.timestamp_utc) AS row_date,\n  AVG(COALESCE(t.M1A_2_PT100_PV, 0)) AS row_m1a_2_pt100_pv\n  AVG(COALESCE(t.M1A_3_PT100_PV, 0)) AS row_m1a_3_pt100_pv\n  AVG(COALESCE(t.P3A_PT100_PV, 0)) AS row_p3a_pt100_pv\n  AVG(COALESCE(t.P4A_PT100_PV, 0)) AS row_p4a_pt100_pv\n  AVG(COALESCE(t.P5A_PT100_PV, 0)) AS row_p5a_pt100_pv\n  AVG(COALESCE(t.P6A_PT100_PV, 0)) AS row_p6a_pt100_pv\n  AVG(COALESCE(t.P8A_3_PT100_PV, 0)) AS row_p8a_3_pt100_pv\n  AVG(COALESCE(t.P8A_4_PT100_PV, 0)) AS row_p8a_4_pt100_pv\n  AVG(COALESCE(t.P8A_DRY_OUT_PT100_PV, 0)) AS row_p8a_dry_out_pt100_pv\n  AVG(COALESCE(t.P8A_PT100_PV, 0)) AS row_p8a_pt100_pv\n  AVG(COALESCE(t.P9A_DRY_OUT_PT100_PV, 0)) AS row_p9a_dry_out_pt100_pv\n  AVG(COALESCE(t.ROOM_PT100_PV, 0)) AS row_room_pt100_pv,\n  (AVG(COALESCE(filtered.M1A_2_PT100_PV, 0)) + AVG(COALESCE(filtered.M1A_3_PT100_PV, 0)) + AVG(COALESCE(filtered.P3A_PT100_PV, 0)) + AVG(COALESCE(filtered.P4A_PT100_PV, 0)) + AVG(COALESCE(filtered.P5A_PT100_PV, 0)) + AVG(COALESCE(filtered.P6A_PT100_PV, 0)) + AVG(COALESCE(filtered.P8A_3_PT100_PV, 0)) + AVG(COALESCE(filtered.P8A_4_PT100_PV, 0)) + AVG(COALESCE(filtered.P8A_DRY_OUT_PT100_PV, 0)) + AVG(COALESCE(filtered.P8A_PT100_PV, 0)) + AVG(COALESCE(filtered.P9A_DRY_OUT_PT100_PV, 0)) + AVG(COALESCE(filtered.ROOM_PT100_PV, 0))) / 12 AS row_avg_temp\nFROM filtered\nGROUP BY date(filtered.timestamp_utc)\nORDER BY row_date ASC;",
    "totals": "WITH\n  params AS (\n    SELECT\n      date(NULLIF(:from_date, '')) AS from_ts,\n      date(NULLIF(:to_date, '')) AS to_ts\n  ),\n  filtered AS (\n    SELECT t.*\n    FROM neuract__TEMPERATURES t, params p\n    WHERE (p.from_ts IS NULL OR date(t.timestamp_utc) >= p.from_ts)\n      AND (p.to_ts IS NULL OR date(t.timestamp_utc) <= p.to_ts)\n  )\nSELECT\n  MAX(COALESCE(t.M1A_2_PT100_PV, 0)) AS total_max_m1a_2_pt100_pv\n  MAX(COALESCE(t.M1A_3_PT100_PV, 0)) AS total_max_m1a_3_pt100_pv\n  MAX(COALESCE(t.P3A_PT100_PV, 0)) AS total_max_p3a_pt100_pv\n  MAX(COALESCE(t.P4A_PT100_PV, 0)) AS total_max_p4a_pt100_pv\n  MAX(COALESCE(t.P5A_PT100_PV, 0)) AS total_max_p5a_pt100_pv\n  MAX(COALESCE(t.P6A_PT100_PV, 0)) AS total_max_p6a_pt100_pv\n  MAX(COALESCE(t.P8A_3_PT100_PV, 0)) AS total_max_p8a_3_pt100_pv\n  MAX(COALESCE(t.P8A_4_PT100_PV, 0)) AS total_max_p8a_4_pt100_pv\n  MAX(COALESCE(t.P8A_DRY_OUT_PT100_PV, 0)) AS total_max_p8a_dry_out_pt100_pv\n  MAX(COALESCE(t.P8A_PT100_PV, 0)) AS total_max_p8a_pt100_pv\n  MAX(COALESCE(t.P9A_DRY_OUT_PT100_PV, 0)) AS total_max_p9a_dry_out_pt100_pv\n  MAX(COALESCE(t.ROOM_PT100_PV, 0)) AS total_max_room_pt100_pv,\n  AVG((COALESCE(filtered.M1A_2_PT100_PV, 0) + COALESCE(filtered.M1A_3_PT100_PV, 0) + COALESCE(filtered.P3A_PT100_PV, 0) + COALESCE(filtered.P4A_PT100_PV, 0) + COALESCE(filtered.P5A_PT100_PV, 0) + COALESCE(filtered.P6A_PT100_PV, 0) + COALESCE(filtered.P8A_3_PT100_PV, 0) + COALESCE(filtered.P8A_4_PT100_PV, 0) + COALESCE(filtered.P8A_DRY_OUT_PT100_PV, 0) + COALESCE(filtered.P8A_PT100_PV, 0) + COALESCE(filtered.P9A_DRY_OUT_PT100_PV, 0) + COALESCE(filtered.ROOM_PT100_PV, 0)) / 12) AS total_overall_avg\nFROM filtered;"
  },
  "params": {
    "required": [],
    "optional": [
      "from_date",
      "to_date"
    ]
  },
  "dialect": "sqlite",
  "needs_user_fix": [],
  "invalid": false,
  "summary": {}
}