{
  "sample_row": {
    "row_column_2": "NOT_VISIBLE",
    "row_costal_feeds": "TEMPERATURE",
    "row_column_6": "NOT_VISIBLE",
    "row_column_12": "2026-01-13 00:00:00",
    "row_column_1": "NOT_VISIBLE",
    "row_column_8": "REPORT",
    "row_column_9": "NOT_VISIBLE",
    "row_column_5": "NOT_VISIBLE",
    "row_column_3": "NOT_VISIBLE",
    "row_column_10": "NOT_VISIBLE",
    "row_column_4": "NOT_VISIBLE",
    "row_column_11": "Print Date",
    "row_column_13": "NOT_VISIBLE"
  }
}