{
  "datasets": {
    "header": {
      "description": "One-row header dataset",
      "columns": []
    },
    "rows": {
      "description": "Detail rows dataset",
      "columns": [
        "row_column_1",
        "row_column_2",
        "row_column_3",
        "row_column_4",
        "row_column_5",
        "row_column_6",
        "row_costal_feeds",
        "row_column_8",
        "row_column_9",
        "row_column_10",
        "row_column_11",
        "row_column_12",
        "row_column_13"
      ],
      "grouping": [
        "No aggregation; pass-through rows from neuract__TEMPERATURES",
        "Natural row key is timestamp_utc; keep all source rows (no dedup)"
      ],
      "ordering": [
        "ORDER BY neuract__TEMPERATURES.timestamp_utc ASC"
      ]
    },
    "totals": {
      "description": "Aggregate totals dataset",
      "columns": []
    }
  },
  "semantics": "This report is a direct time-series extract. Optional time filters from_ts/to_ts are inclusive and applied only when provided. No other parameters affect filtering. All tokens are row-level values; header uses row_column_12 as-is.",
  "parameters": {
    "required": [],
    "optional": [
      {
        "name": "from_ts",
        "type": "timestamp"
      },
      {
        "name": "to_ts",
        "type": "timestamp"
      }
    ]
  },
  "transformations": [
    "Direct select of timestamp_utc and specified PT100 PV columns from neuract__TEMPERATURES",
    "Apply optional inclusive time window filters on timestamp_utc before ordering",
    "No row-level computed columns; no totals math; maintain stable ORDER BY timestamp_utc ASC"
  ]
}