{
  "entrypoints": {
    "header": "WITH bounds AS (\n  SELECT\n    COALESCE(NULLIF(:from_date, ''), MIN(substr(timestamp_utc, 1, 10))) AS range_start,\n    COALESCE(NULLIF(:to_date, ''), MAX(substr(timestamp_utc, 1, 10))) AS range_end\n  FROM neuract__TEMPERATURES\n)\nSELECT\n  CASE WHEN NULLIF(:from_date, '') IS NULL THEN '' ELSE strftime('%d-%m-%Y', date(:from_date)) END AS report_from_date,\n  CASE WHEN NULLIF(:to_date, '') IS NULL THEN '' ELSE strftime('%d-%m-%Y', date(:to_date)) END AS report_to_date,\n  strftime('%d-%m-%Y', 'now', 'localtime') AS print_date\nFROM bounds;",
    "rows": "WITH\n  params AS (\n    SELECT\n      NULLIF(:from_date, '') AS from_ts,\n      NULLIF(:to_date, '') AS to_ts\n  ),\n  filtered AS (\n    SELECT t.*\n    FROM neuract__TEMPERATURES t, params p\n    WHERE (p.from_ts IS NULL OR substr(t.timestamp_utc, 1, 10) >= p.from_ts)\n      AND (p.to_ts IS NULL OR substr(t.timestamp_utc, 1, 10) <= p.to_ts)\n  ),\n  -- Calculate daily temperature delta (MAX - MIN) for each sensor\n  -- This represents the heating cycle: from baseline (min) to peak (max)\n  daily_temps AS (\n    SELECT\n      substr(timestamp_utc, 1, 10) AS row_date,\n      -- Temperature = Peak - Baseline for each sensor\n      (MAX(M1A_2_PT100_PV) - MIN(M1A_2_PT100_PV)) AS row_m1a_2_pt100,\n      (MAX(M1A_3_PT100_PV) - MIN(M1A_3_PT100_PV)) AS row_m1a_3_pt100,\n      (MAX(P3A_PT100_PV) - MIN(P3A_PT100_PV)) AS row_p3a_pt100,\n      (MAX(P4A_PT100_PV) - MIN(P4A_PT100_PV)) AS row_p4a_pt100,\n      (MAX(P5A_PT100_PV) - MIN(P5A_PT100_PV)) AS row_p5a_pt100,\n      (MAX(P6A_PT100_PV) - MIN(P6A_PT100_PV)) AS row_p6a_pt100,\n      (MAX(P8A_3_PT100_PV) - MIN(P8A_3_PT100_PV)) AS row_p8a_3_pt100,\n      (MAX(P8A_4_PT100_PV) - MIN(P8A_4_PT100_PV)) AS row_p8a_4_pt100,\n      (MAX(P8A_DRY_OUT_PT100_PV) - MIN(P8A_DRY_OUT_PT100_PV)) AS row_p8a_dry_out_pt100,\n      (MAX(P8A_PT100_PV) - MIN(P8A_PT100_PV)) AS row_p8a_pt100,\n      (MAX(P9A_DRY_OUT_PT100_PV) - MIN(P9A_DRY_OUT_PT100_PV)) AS row_p9a_dry_out_pt100,\n      (MAX(ROOM_PT100_PV) - MIN(ROOM_PT100_PV)) AS row_room_pt100\n    FROM filtered\n    GROUP BY substr(timestamp_utc, 1, 10)\n  )\nSELECT\n  row_date,\n  COALESCE(row_m1a_2_pt100, 0) AS row_m1a_2_pt100,\n  COALESCE(row_m1a_3_pt100, 0) AS row_m1a_3_pt100,\n  COALESCE(row_p3a_pt100, 0) AS row_p3a_pt100,\n  COALESCE(row_p4a_pt100, 0) AS row_p4a_pt100,\n  COALESCE(row_p5a_pt100, 0) AS row_p5a_pt100,\n  COALESCE(row_p6a_pt100, 0) AS row_p6a_pt100,\n  COALESCE(row_p8a_3_pt100, 0) AS row_p8a_3_pt100,\n  COALESCE(row_p8a_4_pt100, 0) AS row_p8a_4_pt100,\n  COALESCE(row_p8a_dry_out_pt100, 0) AS row_p8a_dry_out_pt100,\n  COALESCE(row_p8a_pt100, 0) AS row_p8a_pt100,\n  COALESCE(row_p9a_dry_out_pt100, 0) AS row_p9a_dry_out_pt100,\n  COALESCE(row_room_pt100, 0) AS row_room_pt100,\n  ROUND((\n    COALESCE(row_m1a_2_pt100, 0) + COALESCE(row_m1a_3_pt100, 0) + COALESCE(row_p3a_pt100, 0) +\n    COALESCE(row_p4a_pt100, 0) + COALESCE(row_p5a_pt100, 0) + COALESCE(row_p6a_pt100, 0) +\n    COALESCE(row_p8a_3_pt100, 0) + COALESCE(row_p8a_4_pt100, 0) + COALESCE(row_p8a_dry_out_pt100, 0) +\n    COALESCE(row_p8a_pt100, 0) + COALESCE(row_p9a_dry_out_pt100, 0) + COALESCE(row_room_pt100, 0)\n  ) / 12.0, 1) AS row_avg_temp\nFROM daily_temps\nWHERE row_m1a_2_pt100 > 10 OR row_p3a_pt100 > 10 OR row_p8a_pt100 > 10\nORDER BY row_date ASC;",
    "totals": "WITH\n  params AS (\n    SELECT\n      NULLIF(:from_date, '') AS from_ts,\n      NULLIF(:to_date, '') AS to_ts\n  ),\n  filtered AS (\n    SELECT t.*\n    FROM neuract__TEMPERATURES t, params p\n    WHERE (p.from_ts IS NULL OR substr(t.timestamp_utc, 1, 10) >= p.from_ts)\n      AND (p.to_ts IS NULL OR substr(t.timestamp_utc, 1, 10) <= p.to_ts)\n  ),\n  daily_temps AS (\n    SELECT\n      substr(timestamp_utc, 1, 10) AS row_date,\n      (MAX(M1A_2_PT100_PV) - MIN(M1A_2_PT100_PV)) AS temp_m1a_2,\n      (MAX(M1A_3_PT100_PV) - MIN(M1A_3_PT100_PV)) AS temp_m1a_3,\n      (MAX(P3A_PT100_PV) - MIN(P3A_PT100_PV)) AS temp_p3a,\n      (MAX(P4A_PT100_PV) - MIN(P4A_PT100_PV)) AS temp_p4a,\n      (MAX(P5A_PT100_PV) - MIN(P5A_PT100_PV)) AS temp_p5a,\n      (MAX(P6A_PT100_PV) - MIN(P6A_PT100_PV)) AS temp_p6a,\n      (MAX(P8A_3_PT100_PV) - MIN(P8A_3_PT100_PV)) AS temp_p8a_3,\n      (MAX(P8A_4_PT100_PV) - MIN(P8A_4_PT100_PV)) AS temp_p8a_4,\n      (MAX(P8A_DRY_OUT_PT100_PV) - MIN(P8A_DRY_OUT_PT100_PV)) AS temp_p8a_dry,\n      (MAX(P8A_PT100_PV) - MIN(P8A_PT100_PV)) AS temp_p8a,\n      (MAX(P9A_DRY_OUT_PT100_PV) - MIN(P9A_DRY_OUT_PT100_PV)) AS temp_p9a_dry,\n      (MAX(ROOM_PT100_PV) - MIN(ROOM_PT100_PV)) AS temp_room\n    FROM filtered\n    GROUP BY substr(timestamp_utc, 1, 10)\n    HAVING temp_m1a_2 > 10 OR temp_p3a > 10 OR temp_p8a > 10\n  )\nSELECT\n  COALESCE(MAX(temp_m1a_2), 0) AS total_max_m1a_2_pt100,\n  COALESCE(MAX(temp_m1a_3), 0) AS total_max_m1a_3_pt100,\n  COALESCE(MAX(temp_p3a), 0) AS total_max_p3a_pt100,\n  COALESCE(MAX(temp_p4a), 0) AS total_max_p4a_pt100,\n  COALESCE(MAX(temp_p5a), 0) AS total_max_p5a_pt100,\n  COALESCE(MAX(temp_p6a), 0) AS total_max_p6a_pt100,\n  COALESCE(MAX(temp_p8a_3), 0) AS total_max_p8a_3_pt100,\n  COALESCE(MAX(temp_p8a_4), 0) AS total_max_p8a_4_pt100,\n  COALESCE(MAX(temp_p8a_dry), 0) AS total_max_p8a_dry_out_pt100,\n  COALESCE(MAX(temp_p8a), 0) AS total_max_p8a_pt100,\n  COALESCE(MAX(temp_p9a_dry), 0) AS total_max_p9a_dry_out_pt100,\n  COALESCE(MAX(temp_room), 0) AS total_max_room_pt100,\n  ROUND(AVG((\n    COALESCE(temp_m1a_2, 0) + COALESCE(temp_m1a_3, 0) + COALESCE(temp_p3a, 0) +\n    COALESCE(temp_p4a, 0) + COALESCE(temp_p5a, 0) + COALESCE(temp_p6a, 0) +\n    COALESCE(temp_p8a_3, 0) + COALESCE(temp_p8a_4, 0) + COALESCE(temp_p8a_dry, 0) +\n    COALESCE(temp_p8a, 0) + COALESCE(temp_p9a_dry, 0) + COALESCE(temp_room, 0)\n  ) / 12.0), 1) AS total_overall_avg\nFROM daily_temps;"
  },
  "params": {
    "required": [],
    "optional": [
      "from_date",
      "to_date"
    ]
  },
  "dialect": "sqlite",
  "needs_user_fix": [],
  "invalid": false,
  "summary": {
    "method": "state_based_delta",
    "description": "Calculates temperature using end_value - start_value logic. For each day: temperature = MAX(reading) - MIN(reading), where MIN represents the stable baseline and MAX represents the peak after heating cycle."
  }
}
