{
  "correlation_id": null,
  "file_checksums": {
    "constant_replacements.json": "44136fa355b3678a1146ad16f7e8649e94fb4fc21fe77e8310c060f61caaff8a",
    "contract.json": "b90cb3174851b7436fe07005b6091f3a246d7de82422f2e40e2ce57d6e2c2009",
    "contract_v2_meta.json": "3b68b197ef9674a73917005bc7cfb4c432f4161a6b3413b50b6ddf3e121901d3",
    "generator_assets.json": "3331941fa4d007bdf5c272cfa0bff887c9efc172eba868a97a4cf1893be35821",
    "mapping_keys.json": "256db04ca540f5af8bbb8b762899269ef150cf8435e8d603648b427111c24659",
    "mapping_pdf_labels.json": "3041f24c78faadd3705ef74ae82fca9c423591532a2eeb4fccfddbd2d97cecb5",
    "mapping_step3.json": "48d7f55c9a5c0612e511df0dff4809cb1d36de7cd847b8814dbd2aaf6ed867a5",
    "output_schemas.json": "8786ecad89d41a8c1d3e83b5f8d5260d5c0cf55b3ebeb94f64a629f94f7c3ae3",
    "overview.md": "e3b8e52f751080265e7905d6fbdcd2ab726a35095ee72d523ab9e026150eba2d",
    "page_summary.txt": "0a6c114be235baa4134ca4f8f4c2e57c7a3e7c5813e657cdf098b4d495dd4fb7",
    "reference_p1.html": "26c7f1e2afb440e982ea466413a34aab068f79fdae309187c37c9a8d8515efb6",
    "reference_p1.png": "328548d13e677b1e914a4d4fbe2143b4feea9b6488c29f2c546142597bc22c55",
    "report_final.png": "6be31d329701473416e9d6c6d592dac2f417841d7f742e0cf93b40505995eb61",
    "sample_rows.json": "2c344d01573aee59ffa1211708b8b13f517152422a13f90f8d75f4a51478cb09",
    "schema_ext.json": "777400ff09a4e294a51e69a134694c13188480cf584e16273f7ef8d8a0685a3b",
    "source.xlsx": "9d0ecbf924085fe8ce814afc4280c78d8b2ab7c72c12d79fc3e4f8e19715f918",
    "sql_pack.sql": "5d8d61d4f70eb9fe7a1d9c6cf3ad5fb76d02dabf71d6bfac1a5d00b602f4af96",
    "stage_3_5.json": "b02f9ed624effbcf0709766f8737c1c69e4d6e67b57259d8612f805ebd27580e",
    "step5_requirements.json": "cd1052ad5811f75f1d03000fac7726116657734ff0725e2c3fe2a34e5495826a",
    "template_p1.html": "7a7a39500111526f50191e0f8d492655c94c5f378a6a5d29ce098592109e74ae"
  },
  "files": {
    "constant_replacements.json": "constant_replacements.json",
    "contract.json": "contract.json",
    "contract_v2_meta.json": "contract_v2_meta.json",
    "generator_assets.json": "generator\\generator_assets.json",
    "mapping_keys.json": "mapping_keys.json",
    "mapping_pdf_labels.json": "mapping_pdf_labels.json",
    "mapping_step3.json": "mapping_step3.json",
    "output_schemas.json": "generator\\output_schemas.json",
    "overview.md": "overview.md",
    "page_summary.txt": "page_summary.txt",
    "reference_p1.html": "reference_p1.html",
    "reference_p1.png": "reference_p1.png",
    "report_final.png": "report_final.png",
    "sample_rows.json": "sample_rows.json",
    "schema_ext.json": "schema_ext.json",
    "source.xlsx": "source.xlsx",
    "sql_pack.sql": "generator\\sql_pack.sql",
    "stage_3_5.json": "stage_3_5.json",
    "step5_requirements.json": "step5_requirements.json",
    "template_p1.html": "template_p1.html"
  },
  "input_refs": [
    "C:\\Users\\Alfred\\AppData\\Local\\Temp\\_MEI315442\\uploads_excel\\temperature-report-fce2ae\\source.xlsx",
    "cache_key=91b3d557dbec97cc6fa42bf67f2f7068e86fea34a5f421e3d03f0a25953a8641",
    "catalog_sha256=20d3c83cc5b9c483c077343302052cc4db1310b6bc5eafb16add3632a27d3997",
    "schema_sha256=2c45fa0b585619012b097e346abcc8aab8b7f7deea2d0047d620fbea7ce7e8cc",
    "html_pre_sha256=7a7a39500111526f50191e0f8d492655c94c5f378a6a5d29ce098592109e74ae",
    "html_post_sha256=7a7a39500111526f50191e0f8d492655c94c5f378a6a5d29ce098592109e74ae",
    "stage_3_5_cache_key=154846fd47fac9677cc643d951843d0c115fbe16fa6a1d8de7f6207d47d9ee96",
    "template_pre_sha256=7a7a39500111526f50191e0f8d492655c94c5f378a6a5d29ce098592109e74ae",
    "template_post_sha256=7a7a39500111526f50191e0f8d492655c94c5f378a6a5d29ce098592109e74ae",
    "mapping_sha256=c5e86803a2eb7f5f08dca0e5e2a883fc0e5ddd5065434896d18f10c78a35a9f8",
    "user_input_sha256=e3b0c44298fc1c149afbf4c8996fb92427ae41e4649b934ca495991b7852b855",
    "mapping_tokens=13",
    "mapping_keys=0",
    "contract_v2_input_signature=1b738cabdcce4280b7c6dacebd6dff57e4465877c57bff62fe8f78b4c29739bf",
    "dialect_hint=",
    "generator_assets_v1"
  ],
  "pid": 33276,
  "produced_at": "2026-01-13T19:40:02.155979+00:00",
  "schema_version": "1.0",
  "step": "generator_assets_v1"
}