{
  "prompt_version": "manual_runhours_v1",
  "model": "human-curated",
  "input_signature": "neuract__RUNHOURS::224cols",
  "db_signature": "Coastal feeds/test - Copy.db",
  "page_summary_sha256": "",
  "generated_at": 1763030947,
  "assumptions": [
    "timestamp_utc values are strictly increasing and represent the sampling order.",
    "Machine run-hour columns keep their last value until a change is recorded in the next row.",
    "Duration between two readings is computed as the difference between their UTC timestamps."
  ],
  "warnings": [],
  "validation": {
    "unknown_tokens": [],
    "unknown_columns": [],
    "token_coverage": {
      "scalars_mapped_pct": 100,
      "row_tokens_mapped_pct": 100,
      "totals_mapped_pct": 100
    }
  },
  "overview_path": "overview.md",
  "contract_payload": {
    "tokens": {
      "scalars": [
        "company_title",
        "print_date",
        "range_start",
        "range_end"
      ],
      "row_tokens": [
        "machine_name",
        "run_date",
        "start_time",
        "end_time",
        "duration_sec",
        "shift_no",
        "total_time"
      ],
      "totals": [
        "total_duration_sec",
        "total_duration_hms",
        "machines_covered"
      ]
    },
    "mapping": {
      "company_title": "header.company_title",
      "print_date": "header.print_date",
      "range_start": "header.range_start",
      "range_end": "header.range_end",
      "machine_name": "rows.machine_name",
      "run_date": "rows.run_date",
      "start_time": "rows.start_time",
      "end_time": "rows.end_time",
      "duration_sec": "rows.duration_sec",
      "shift_no": "rows.shift_no",
      "total_time": "rows.total_time",
      "total_duration_sec": "totals.total_duration_sec",
      "total_duration_hms": "totals.total_duration_hms",
      "machines_covered": "totals.machines_covered"
    },
    "join": {
      "parent_table": "runtime_machine_keys",
      "parent_key": "machine_name",
      "child_table": "",
      "child_key": ""
    },
    "date_columns": {},
    "filters": {
      "optional": {
        "machine_name": "runtime_machine_keys.machine_name"
      }
    },
    "reshape_rules": [
      {
        "purpose": "Track value transitions for every machine column between consecutive timestamps",
        "strategy": "WINDOW_DIFF",
        "columns_considered": [
          "C1A_1_MC_HRS",
          "C1A_1_MC_MIN",
          "C1A_MC_HRS",
          "C1A_MC_MIN",
          "C2A_MC_HRS",
          "C2A_MC_MIN",
          "C3A_MC_HRS",
          "C3A_MC_MIN",
          "C4A_MC_HRS",
          "C4A_MC_MIN",
          "C5A_MC_HRS",
          "C5A_MC_MIN",
          "C6A_MC_HRS",
          "C6A_MC_MIN",
          "C7A_MC_HRS",
          "C7A_MC_MIN",
          "C8A_MC_HRS",
          "C8A_MC_MIN",
          "F1A_MC_HRS",
          "F1A_MC_MIN",
          "G10A_MC_HRS",
          "G10A_MC_MIN",
          "G10A_MC_SEC",
          "G11A_MC_HRS",
          "G11A_MC_MIN",
          "G11A_MC_SEC",
          "G13A_MC_HRS",
          "G13A_MC_MIN",
          "G13A_MC_SEC",
          "G1A_1_MC_HRS",
          "G1A_1_MC_MIN",
          "G1A_1_MC_SEC",
          "G1A_MC_HRS",
          "G1A_MC_MIN",
          "G1A_MC_SEC",
          "G3A_MC_HRS",
          "G3A_MC_MIN",
          "G3A_MC_SEC",
          "G4A_MC_HRS",
          "G4A_MC_MIN",
          "G4A_MC_SEC",
          "G5A_1_MC_HRS",
          "G5A_1_MC_MIN",
          "G5A_1_MC_SEC",
          "G5A_2_MC_HRS",
          "G5A_2_MC_MIN",
          "G5A_2_MC_SEC",
          "G5A_MC_HRS",
          "G5A_MC_MIN",
          "G5A_MC_SEC",
          "G7A_MC_HRS",
          "G7A_MC_MIN",
          "G7A_MC_SEC",
          "G9A_MC_HRS",
          "G9A_MC_MIN",
          "G9A_MC_SEC",
          "I10A_MC_HRS",
          "I10A_MC_MIN",
          "I10A_MC_SEC",
          "I1A_MC_HRS",
          "I1A_MC_MIN",
          "I1A_MC_SEC",
          "I2A_MC_HRS",
          "I2A_MC_MIN",
          "I2A_MC_SEC",
          "I3A_MC_HRS",
          "I3A_MC_MIN",
          "I3A_MC_SEC",
          "I4A_1_MC_HRS",
          "I4A_1_MC_MIN",
          "I4A_1_MC_SEC",
          "I4A_2_MC_HRS",
          "I4A_2_MC_MIN",
          "I4A_2_MC_SEC",
          "I5A_MC_HRS",
          "I5A_MC_MIN",
          "I5A_MC_SEC",
          "I6A_A_MC_HRS",
          "I6A_A_MC_MIN",
          "I6A_A_MC_SEC",
          "I6A_B_MC_HRS",
          "I6A_B_MC_MIN",
          "I6A_B_MC_SEC",
          "I6A_C_MC_HRS",
          "I6A_C_MC_MIN",
          "I6A_C_MC_SEC",
          "I6A_D_MC_HRS",
          "I6A_D_MC_MIN",
          "I6A_D_MC_SEC",
          "I6A_E_MC_HRS",
          "I6A_E_MC_MIN",
          "I6A_E_MC_SEC",
          "I6A_F_MC_HRS",
          "I6A_F_MC_MIN",
          "I6A_F_MC_SEC",
          "I6A_G_MC_HRS",
          "I6A_G_MC_MIN",
          "I6A_G_MC_SEC",
          "I6A_H_MC_HRS",
          "I6A_H_MC_MIN",
          "I6A_H_MC_SEC",
          "I6A_I_MC_HRS",
          "I6A_I_MC_MIN",
          "I6A_I_MC_SEC",
          "I6A_J_MC_HRS",
          "I6A_J_MC_MIN",
          "I6A_J_MC_SEC",
          "I6A_K_MC_HRS",
          "I6A_K_MC_MIN",
          "I6A_K_MC_SEC",
          "I6A_L_MC_HRS",
          "I6A_L_MC_MIN",
          "I6A_L_MC_SEC",
          "I6A_VFD_HRS",
          "I6A_VFD_MIN",
          "I6A_VFD_SEC",
          "I8A_1_MC_HRS",
          "I8A_1_MC_MIN",
          "I8A_1_MC_SEC",
          "I8A_MC_HRS",
          "I8A_MC_MIN",
          "I8A_MC_SEC",
          "I9A_MC_HRS",
          "I9A_MC_MIN",
          "I9A_MC_SEC",
          "M1A_11_MC_HRS",
          "M1A_11_MC_MIN",
          "M1A_11_MC_SEC",
          "M1A_18_MC_HRS",
          "M1A_18_MC_MIN",
          "M1A_18_MC_SEC",
          "M1A_1_MC_HRS",
          "M1A_1_MC_MIN",
          "M1A_1_MC_SEC",
          "M1A_2_MC_HRS",
          "M1A_2_MC_MIN",
          "M1A_2_MC_SEC",
          "M1A_3_MC_HRS",
          "M1A_3_MC_MIN",
          "M1A_3_MC_SEC",
          "M1A_9_MC_HRS",
          "M1A_9_MC_MIN",
          "M1A_9_MC_SEC",
          "M1A_MC_HRS",
          "M1A_MC_MIN",
          "M1A_MC_SEC",
          "M2A_MC_HRS",
          "M2A_MC_MIN",
          "M2A_MC_SEC",
          "M3A_MC_HRS",
          "M3A_MC_MIN",
          "M3A_MC_SEC",
          "M4A_MC_HRS",
          "M4A_MC_MIN",
          "M4A_MC_SEC",
          "M5A_MC_HRS",
          "M5A_MC_MIN",
          "M5A_MC_SEC",
          "P11A_MC_HRS",
          "P11A_MC_MIN",
          "P11A_MC_SEC",
          "P12A_MC_HRS",
          "P12A_MC_MIN",
          "P12A_MC_SEC",
          "P13A_MC_HRS",
          "P13A_MC_MIN",
          "P13A_MC_SEC",
          "P14A_MC_HRS",
          "P14A_MC_MIN",
          "P14A_MC_SEC",
          "P15A_MC_HRS",
          "P15A_MC_MIN",
          "P15A_MC_SEC",
          "P16A_MC_HRS",
          "P16A_MC_MIN",
          "P16A_MC_SEC",
          "P1A_MC_HRS",
          "P1A_MC_MIN",
          "P1A_MC_SEC",
          "P2A_MC_HRS",
          "P2A_MC_MIN",
          "P2A_MC_SEC",
          "P3A_MC_HRS",
          "P3A_MC_MIN",
          "P3A_MC_SEC",
          "P4A_MC_HRS",
          "P4A_MC_MIN",
          "P4A_MC_SEC",
          "P5A_MC_HRS",
          "P5A_MC_MIN",
          "P5A_MC_SEC",
          "P6A_MC_HRS",
          "P6A_MC_MIN",
          "P6A_MC_SEC",
          "P7A_1_MC_HRS",
          "P7A_1_MC_MIN",
          "P7A_1_MC_SEC",
          "P7A_2_MC_HRS",
          "P7A_2_MC_MIN",
          "P7A_2_MC_SEC",
          "P7A_MC_HRS",
          "P7A_MC_MIN",
          "P7A_MC_SEC",
          "P8A_1_MC_HRS",
          "P8A_1_MC_MIN",
          "P8A_1_MC_SEC",
          "P8A_2_MC_HRS",
          "P8A_2_MC_MIN",
          "P8A_2_MC_SEC",
          "P8A_3_MC_HRS",
          "P8A_3_MC_MIN",
          "P8A_3_MC_SEC",
          "P8A_4_MC_HRS",
          "P8A_4_MC_MIN",
          "P8A_4_MC_SEC",
          "P8A_5_MC_HRS",
          "P8A_5_MC_MIN",
          "P8A_5_MC_SEC",
          "P8A_MC_HRS",
          "P8A_MC_MIN",
          "P8A_MC_SEC",
          "P9A_MC_HRS",
          "P9A_MC_MIN",
          "P9A_MC_SEC"
        ]
      }
    ],
    "row_computed": {},
    "totals_math": {},
    "formatters": {},
    "order_by": {
      "rows": [
        "machine_name ASC"
      ]
    },
    "header_tokens": [
      "company_title",
      "print_date",
      "range_start",
      "range_end"
    ],
    "row_tokens": [
      "machine_name",
      "run_date",
      "start_time",
      "end_time",
      "duration_sec",
      "shift_no",
      "total_time"
    ],
    "totals": {
      "total_duration_sec": "totals.total_duration_sec",
      "total_duration_hms": "totals.total_duration_hms",
      "machines_covered": "totals.machines_covered"
    },
    "row_order": [
      "machine_name ASC"
    ],
    "literals": {}
  },
  "key_tokens": [
    "machine_name"
  ]
}