[
  {
    "header": "company_title",
    "placeholder": "{company_title}",
    "mapping": "header.company_title"
  },
  {
    "header": "print_date",
    "placeholder": "{print_date}",
    "mapping": "header.print_date"
  },
  {
    "header": "range_start",
    "placeholder": "{range_start}",
    "mapping": "header.range_start"
  },
  {
    "header": "range_end",
    "placeholder": "{range_end}",
    "mapping": "header.range_end"
  },
  {
    "header": "machine_name",
    "placeholder": "{machine_name}",
    "mapping": "runtime_machine_keys.machine_name"
  },
  {
    "header": "run_date",
    "placeholder": "{run_date}",
    "mapping": "rows.run_date"
  },
  {
    "header": "start_time",
    "placeholder": "{start_time}",
    "mapping": "rows.start_time"
  },
  {
    "header": "end_time",
    "placeholder": "{end_time}",
    "mapping": "rows.end_time"
  },
  {
    "header": "duration_sec",
    "placeholder": "{duration_sec}",
    "mapping": "rows.duration_sec"
  },
  {
    "header": "shift_no",
    "placeholder": "{shift_no}",
    "mapping": "rows.shift_no"
  },
  {
    "header": "total_time",
    "placeholder": "{total_time}",
    "mapping": "rows.total_time"
  },
  {
    "header": "total_duration_sec",
    "placeholder": "{total_duration_sec}",
    "mapping": "totals.total_duration_sec"
  },
  {
    "header": "total_duration_hms",
    "placeholder": "{total_duration_hms}",
    "mapping": "totals.total_duration_hms"
  },
  {
    "header": "machines_covered",
    "placeholder": "{machines_covered}",
    "mapping": "totals.machines_covered"
  }
]