{
  "correlation_id": "89a25aca-1dc1-41e7-b1c1-43acdcf8ad19",
  "schema_version": "1.0",
  "step": "reports_assets_build",
  "produced_at": "2026-01-13T14:31:16.689681+00:00",
  "input_refs": [
    "C:\\Users\\Alfred\\NeuraReport\\test - Copy (2).db"
  ],
  "files": {
    "contract.json": "contract.json",
    "contract_v2_meta.json": "contract_v2_meta.json",
    "generator/generator_assets.json": "generator/generator_assets.json",
    "generator/output_schemas.json": "generator/output_schemas.json",
    "mapping_keys.json": "mapping_keys.json",
    "mapping_pdf_labels.json": "mapping_pdf_labels.json",
    "overview.md": "overview.md",
    "report_final.html": "report_final.html"
  },
  "file_checksums": {
    "contract.json": "54eef33217bb1cc8a3a1f62fd02e25d2616d9ff83fe94c6fbdc8160a6a5b5721",
    "contract_v2_meta.json": "bf46e52dfaddf4562c4b5da31db07286a15f2d3718ce32aa00e0614546d19cd8",
    "generator/generator_assets.json": "d849057a4f9f65ec7041f25b425f0f4ddab8e87b137d015da291350da38a388c",
    "generator/output_schemas.json": "be5e2ff39f9b52a732a71278941912c1c6333933f1ea4f7655bed6793de08335",
    "mapping_keys.json": "1e27673e994af7aa1c6d574befd0b61c7547129bef6835f74eb4c933a669ecea",
    "mapping_pdf_labels.json": "62823e6734afb7aae4b33a5fc52884ad15985a10bec72b1d5309e2613efc8027",
    "overview.md": "524c1d149b06b31a0e3658e55ac5d44bf65ce05172fb1c9ef18b1fea5a550ffd",
    "report_final.html": "e5d3a6d04d1573d33f093d0774ce0b8e5b3986a74a511315cf66b77384567780"
  }
}