{
  "tokens": {
    "scalars": [
      "report_from_date",
      "report_to_date",
      "print_date"
    ],
    "row_tokens": [
      "row_date",
      "row_m1a_2_pt100_pv",
      "row_m1a_3_pt100_pv",
      "row_p3a_pt100_pv",
      "row_p4a_pt100_pv",
      "row_p5a_pt100_pv",
      "row_p6a_pt100_pv",
      "row_p8a_3_pt100_pv",
      "row_p8a_4_pt100_pv",
      "row_p8a_dry_out_pt100_pv",
      "row_p8a_pt100_pv",
      "row_p9a_dry_out_pt100_pv",
      "row_room_pt100_pv",
      "row_avg_temp"
    ],
    "totals": [
      "total_max_m1a_2_pt100_pv",
      "total_max_m1a_3_pt100_pv",
      "total_max_p3a_pt100_pv",
      "total_max_p4a_pt100_pv",
      "total_max_p5a_pt100_pv",
      "total_max_p6a_pt100_pv",
      "total_max_p8a_3_pt100_pv",
      "total_max_p8a_4_pt100_pv",
      "total_max_p8a_dry_out_pt100_pv",
      "total_max_p8a_pt100_pv",
      "total_max_p9a_dry_out_pt100_pv",
      "total_max_room_pt100_pv",
      "total_overall_avg"
    ]
  },
  "mapping": {
    "report_from_date": "CASE WHEN NULLIF(PARAM:from_date, '') IS NULL THEN '' ELSE strftime('%d-%m-%Y', date(PARAM:from_date)) END",
    "report_to_date": "CASE WHEN NULLIF(PARAM:to_date, '') IS NULL THEN '' ELSE strftime('%d-%m-%Y', date(PARAM:to_date)) END",
    "print_date": "strftime('%d-%m-%Y', 'now', 'localtime')",
    "row_date": "date(neuract__TEMPERATURES.timestamp_utc)",
    "row_m1a_2_pt100_pv": "AVG(COALESCE(neuract__TEMPERATURES.M1A_2_PT100_PV, 0))",
    "row_m1a_3_pt100_pv": "AVG(COALESCE(neuract__TEMPERATURES.M1A_3_PT100_PV, 0))",
    "row_p3a_pt100_pv": "AVG(COALESCE(neuract__TEMPERATURES.P3A_PT100_PV, 0))",
    "row_p4a_pt100_pv": "AVG(COALESCE(neuract__TEMPERATURES.P4A_PT100_PV, 0))",
    "row_p5a_pt100_pv": "AVG(COALESCE(neuract__TEMPERATURES.P5A_PT100_PV, 0))",
    "row_p6a_pt100_pv": "AVG(COALESCE(neuract__TEMPERATURES.P6A_PT100_PV, 0))",
    "row_p8a_3_pt100_pv": "AVG(COALESCE(neuract__TEMPERATURES.P8A_3_PT100_PV, 0))",
    "row_p8a_4_pt100_pv": "AVG(COALESCE(neuract__TEMPERATURES.P8A_4_PT100_PV, 0))",
    "row_p8a_dry_out_pt100_pv": "AVG(COALESCE(neuract__TEMPERATURES.P8A_DRY_OUT_PT100_PV, 0))",
    "row_p8a_pt100_pv": "AVG(COALESCE(neuract__TEMPERATURES.P8A_PT100_PV, 0))",
    "row_p9a_dry_out_pt100_pv": "AVG(COALESCE(neuract__TEMPERATURES.P9A_DRY_OUT_PT100_PV, 0))",
    "row_room_pt100_pv": "AVG(COALESCE(neuract__TEMPERATURES.ROOM_PT100_PV, 0))",
    "row_avg_temp": "(COALESCE(neuract__TEMPERATURES.M1A_2_PT100_PV, 0) + COALESCE(neuract__TEMPERATURES.M1A_3_PT100_PV, 0) + COALESCE(neuract__TEMPERATURES.P3A_PT100_PV, 0) + COALESCE(neuract__TEMPERATURES.P4A_PT100_PV, 0) + COALESCE(neuract__TEMPERATURES.P5A_PT100_PV, 0) + COALESCE(neuract__TEMPERATURES.P6A_PT100_PV, 0) + COALESCE(neuract__TEMPERATURES.P8A_3_PT100_PV, 0) + COALESCE(neuract__TEMPERATURES.P8A_4_PT100_PV, 0) + COALESCE(neuract__TEMPERATURES.P8A_DRY_OUT_PT100_PV, 0) + COALESCE(neuract__TEMPERATURES.P8A_PT100_PV, 0) + COALESCE(neuract__TEMPERATURES.P9A_DRY_OUT_PT100_PV, 0) + COALESCE(neuract__TEMPERATURES.ROOM_PT100_PV, 0)) / 12"
  },
  "join": {
    "parent_table": "neuract__TEMPERATURES",
    "parent_key": "timestamp_utc",
    "child_table": "neuract__TEMPERATURES",
    "child_key": "timestamp_utc"
  },
  "date_columns": {},
  "filters": {
    "date(neuract__TEMPERATURES.timestamp_utc) >= date(PARAM:from_date)": "date(neuract__TEMPERATURES.timestamp_utc) >= date(PARAM:from_date)",
    "date(neuract__TEMPERATURES.timestamp_utc) <= date(PARAM:to_date)": "date(neuract__TEMPERATURES.timestamp_utc) <= date(PARAM:to_date)"
  },
  "reshape_rules": [
    {
      "strategy": "select",
      "alias": "rows",
      "from": "neuract__TEMPERATURES",
      "columns": [
        {
          "as": "row_date",
          "from": [
            "date(neuract__TEMPERATURES.timestamp_utc)"
          ]
        },
        {
          "as": "row_m1a_2_pt100_pv",
          "from": [
            "neuract__TEMPERATURES.M1A_2_PT100_PV"
          ]
        },
        {
          "as": "row_m1a_3_pt100_pv",
          "from": [
            "neuract__TEMPERATURES.M1A_3_PT100_PV"
          ]
        },
        {
          "as": "row_p3a_pt100_pv",
          "from": [
            "neuract__TEMPERATURES.P3A_PT100_PV"
          ]
        },
        {
          "as": "row_p4a_pt100_pv",
          "from": [
            "neuract__TEMPERATURES.P4A_PT100_PV"
          ]
        },
        {
          "as": "row_p5a_pt100_pv",
          "from": [
            "neuract__TEMPERATURES.P5A_PT100_PV"
          ]
        },
        {
          "as": "row_p6a_pt100_pv",
          "from": [
            "neuract__TEMPERATURES.P6A_PT100_PV"
          ]
        },
        {
          "as": "row_p8a_3_pt100_pv",
          "from": [
            "neuract__TEMPERATURES.P8A_3_PT100_PV"
          ]
        },
        {
          "as": "row_p8a_4_pt100_pv",
          "from": [
            "neuract__TEMPERATURES.P8A_4_PT100_PV"
          ]
        },
        {
          "as": "row_p8a_dry_out_pt100_pv",
          "from": [
            "neuract__TEMPERATURES.P8A_DRY_OUT_PT100_PV"
          ]
        },
        {
          "as": "row_p8a_pt100_pv",
          "from": [
            "neuract__TEMPERATURES.P8A_PT100_PV"
          ]
        },
        {
          "as": "row_p9a_dry_out_pt100_pv",
          "from": [
            "neuract__TEMPERATURES.P9A_DRY_OUT_PT100_PV"
          ]
        },
        {
          "as": "row_room_pt100_pv",
          "from": [
            "neuract__TEMPERATURES.ROOM_PT100_PV"
          ]
        }
      ]
    }
  ],
  "row_computed": {},
  "totals_math": {
    "total_max_m1a_2_pt100_pv": "MAX(COALESCE(neuract__TEMPERATURES.M1A_2_PT100_PV, 0))",
    "total_max_m1a_3_pt100_pv": "MAX(COALESCE(neuract__TEMPERATURES.M1A_3_PT100_PV, 0))",
    "total_max_p3a_pt100_pv": "MAX(COALESCE(neuract__TEMPERATURES.P3A_PT100_PV, 0))",
    "total_max_p4a_pt100_pv": "MAX(COALESCE(neuract__TEMPERATURES.P4A_PT100_PV, 0))",
    "total_max_p5a_pt100_pv": "MAX(COALESCE(neuract__TEMPERATURES.P5A_PT100_PV, 0))",
    "total_max_p6a_pt100_pv": "MAX(COALESCE(neuract__TEMPERATURES.P6A_PT100_PV, 0))",
    "total_max_p8a_3_pt100_pv": "MAX(COALESCE(neuract__TEMPERATURES.P8A_3_PT100_PV, 0))",
    "total_max_p8a_4_pt100_pv": "MAX(COALESCE(neuract__TEMPERATURES.P8A_4_PT100_PV, 0))",
    "total_max_p8a_dry_out_pt100_pv": "MAX(COALESCE(neuract__TEMPERATURES.P8A_DRY_OUT_PT100_PV, 0))",
    "total_max_p8a_pt100_pv": "MAX(COALESCE(neuract__TEMPERATURES.P8A_PT100_PV, 0))",
    "total_max_p9a_dry_out_pt100_pv": "MAX(COALESCE(neuract__TEMPERATURES.P9A_DRY_OUT_PT100_PV, 0))",
    "total_max_room_pt100_pv": "MAX(COALESCE(neuract__TEMPERATURES.ROOM_PT100_PV, 0))",
    "total_overall_avg": "AVG((COALESCE(neuract__TEMPERATURES.M1A_2_PT100_PV, 0) + COALESCE(neuract__TEMPERATURES.M1A_3_PT100_PV, 0) + COALESCE(neuract__TEMPERATURES.P3A_PT100_PV, 0) + COALESCE(neuract__TEMPERATURES.P4A_PT100_PV, 0) + COALESCE(neuract__TEMPERATURES.P5A_PT100_PV, 0) + COALESCE(neuract__TEMPERATURES.P6A_PT100_PV, 0) + COALESCE(neuract__TEMPERATURES.P8A_3_PT100_PV, 0) + COALESCE(neuract__TEMPERATURES.P8A_4_PT100_PV, 0) + COALESCE(neuract__TEMPERATURES.P8A_DRY_OUT_PT100_PV, 0) + COALESCE(neuract__TEMPERATURES.P8A_PT100_PV, 0) + COALESCE(neuract__TEMPERATURES.P9A_DRY_OUT_PT100_PV, 0) + COALESCE(neuract__TEMPERATURES.ROOM_PT100_PV, 0)) / 12)"
  },
  "formatters": {},
  "order_by": {
    "rows": [
      "row_date ASC"
    ]
  },
  "header_tokens": [
    "report_from_date",
    "report_to_date",
    "print_date"
  ],
  "row_tokens": [
    "row_date",
    "row_m1a_2_pt100_pv",
    "row_m1a_3_pt100_pv",
    "row_p3a_pt100_pv",
    "row_p4a_pt100_pv",
    "row_p5a_pt100_pv",
    "row_p6a_pt100_pv",
    "row_p8a_3_pt100_pv",
    "row_p8a_4_pt100_pv",
    "row_p8a_dry_out_pt100_pv",
    "row_p8a_pt100_pv",
    "row_p9a_dry_out_pt100_pv",
    "row_room_pt100_pv",
    "row_avg_temp"
  ],
  "totals": {
    "total_max_m1a_2_pt100_pv": "MAX(COALESCE(neuract__TEMPERATURES.M1A_2_PT100_PV, 0))",
    "total_max_m1a_3_pt100_pv": "MAX(COALESCE(neuract__TEMPERATURES.M1A_3_PT100_PV, 0))",
    "total_max_p3a_pt100_pv": "MAX(COALESCE(neuract__TEMPERATURES.P3A_PT100_PV, 0))",
    "total_max_p4a_pt100_pv": "MAX(COALESCE(neuract__TEMPERATURES.P4A_PT100_PV, 0))",
    "total_max_p5a_pt100_pv": "MAX(COALESCE(neuract__TEMPERATURES.P5A_PT100_PV, 0))",
    "total_max_p6a_pt100_pv": "MAX(COALESCE(neuract__TEMPERATURES.P6A_PT100_PV, 0))",
    "total_max_p8a_3_pt100_pv": "MAX(COALESCE(neuract__TEMPERATURES.P8A_3_PT100_PV, 0))",
    "total_max_p8a_4_pt100_pv": "MAX(COALESCE(neuract__TEMPERATURES.P8A_4_PT100_PV, 0))",
    "total_max_p8a_dry_out_pt100_pv": "MAX(COALESCE(neuract__TEMPERATURES.P8A_DRY_OUT_PT100_PV, 0))",
    "total_max_p8a_pt100_pv": "MAX(COALESCE(neuract__TEMPERATURES.P8A_PT100_PV, 0))",
    "total_max_p9a_dry_out_pt100_pv": "MAX(COALESCE(neuract__TEMPERATURES.P9A_DRY_OUT_PT100_PV, 0))",
    "total_max_room_pt100_pv": "MAX(COALESCE(neuract__TEMPERATURES.ROOM_PT100_PV, 0))",
    "total_overall_avg": "AVG((COALESCE(neuract__TEMPERATURES.M1A_2_PT100_PV, 0) + COALESCE(neuract__TEMPERATURES.M1A_3_PT100_PV, 0) + COALESCE(neuract__TEMPERATURES.P3A_PT100_PV, 0) + COALESCE(neuract__TEMPERATURES.P4A_PT100_PV, 0) + COALESCE(neuract__TEMPERATURES.P5A_PT100_PV, 0) + COALESCE(neuract__TEMPERATURES.P6A_PT100_PV, 0) + COALESCE(neuract__TEMPERATURES.P8A_3_PT100_PV, 0) + COALESCE(neuract__TEMPERATURES.P8A_4_PT100_PV, 0) + COALESCE(neuract__TEMPERATURES.P8A_DRY_OUT_PT100_PV, 0) + COALESCE(neuract__TEMPERATURES.P8A_PT100_PV, 0) + COALESCE(neuract__TEMPERATURES.P9A_DRY_OUT_PT100_PV, 0) + COALESCE(neuract__TEMPERATURES.ROOM_PT100_PV, 0)) / 12)"
  },
  "row_order": [
    "row_date ASC"
  ]
}