{
  "dialect": "sqlite",
  "entrypoints": {
    "header": "SELECT\n  'COSTAL FEEDS' AS report_title,\n  'TEMPERATURE REPORT' AS report_subtitle,\n  CASE WHEN NULLIF(PARAM:from_date, '') IS NULL\n       THEN ''\n       ELSE strftime('%d-%m-%Y', datetime(PARAM:from_date, '+330 minutes'))\n  END AS report_from_date,\n  CASE WHEN NULLIF(PARAM:to_date, '') IS NULL\n       THEN ''\n       ELSE strftime('%d-%m-%Y', datetime(PARAM:to_date, '+330 minutes'))\n  END AS report_to_date,\n  strftime('%d-%m-%Y', 'now', 'localtime') AS print_date;",
    "rows": "SELECT\n  datetime(timestamp_utc, '+330 minutes') AS row_column_1,\n  ROUND(M1A_2_PT100_PV, 1) AS row_column_2,\n  ROUND(M1A_3_PT100_PV, 1) AS row_column_3,\n  ROUND(P3A_PT100_PV, 1) AS row_column_4,\n  ROUND(P4A_PT100_PV, 1) AS row_column_5,\n  ROUND(P5A_PT100_PV, 1) AS row_column_6,\n  ROUND(P6A_PT100_PV, 1) AS row_costal_feeds,\n  ROUND(P8A_PT100_PV, 1) AS row_column_8,\n  ROUND(P8A_3_PT100_PV, 1) AS row_column_9,\n  ROUND(P8A_4_PT100_PV, 1) AS row_column_10,\n  ROUND(P8A_DRY_OUT_PT100_PV, 1) AS row_column_11,\n  ROUND(P9A_DRY_OUT_PT100_PV, 1) AS row_column_12,\n  ROUND(ROOM_PT100_PV, 1) AS row_column_13\nFROM neuract__TEMPERATURES\nWHERE date(datetime(timestamp_utc, '+330 minutes')) >= date(datetime(PARAM:from_date, '+330 minutes'))\n  AND date(datetime(timestamp_utc, '+330 minutes')) <= date(datetime(PARAM:to_date, '+330 minutes'))\n  AND CAST(strftime('%M', datetime(timestamp_utc, '+330 minutes')) AS INTEGER) % 10 = 0\n  AND strftime('%S', datetime(timestamp_utc, '+330 minutes')) = '00'\nORDER BY timestamp_utc ASC;",
    "totals": "SELECT\n  ROUND(MAX(M1A_2_PT100_PV), 1) AS total_max_m1a_2,\n  ROUND(MAX(M1A_3_PT100_PV), 1) AS total_max_m1a_3,\n  ROUND(MAX(P3A_PT100_PV), 1) AS total_max_p3a,\n  ROUND(MAX(P4A_PT100_PV), 1) AS total_max_p4a,\n  ROUND(MAX(P5A_PT100_PV), 1) AS total_max_p5a,\n  ROUND(MAX(P6A_PT100_PV), 1) AS total_max_p6a,\n  ROUND(MAX(P8A_PT100_PV), 1) AS total_max_p8a,\n  ROUND(MAX(P8A_3_PT100_PV), 1) AS total_max_p8a_3,\n  ROUND(MAX(P8A_4_PT100_PV), 1) AS total_max_p8a_4,\n  ROUND(MAX(P8A_DRY_OUT_PT100_PV), 1) AS total_max_p8a_dry,\n  ROUND(MAX(P9A_DRY_OUT_PT100_PV), 1) AS total_max_p9a_dry,\n  ROUND(MAX(ROOM_PT100_PV), 1) AS total_max_room\nFROM neuract__TEMPERATURES\nWHERE date(datetime(timestamp_utc, '+330 minutes')) >= date(datetime(PARAM:from_date, '+330 minutes'))\n  AND date(datetime(timestamp_utc, '+330 minutes')) <= date(datetime(PARAM:to_date, '+330 minutes'));"
  },
  "params": {
    "required": [
      "from_date",
      "to_date"
    ],
    "optional": []
  },
  "needs_user_fix": [],
  "invalid": false,
  "summary": {
    "method": "direct_select",
    "description": "Simple direct SELECT from neuract__TEMPERATURES table. Returns raw sensor values as stored."
  },
  "cached": false,
  "key_tokens": []
}
