{
  "dialect": "sqlite",
  "entrypoints": {
    "header": "SELECT\n  CASE WHEN NULLIF(PARAM:from_date, '') IS NULL\n       THEN ''\n       ELSE strftime('%d-%m-%Y', datetime(PARAM:from_date, '+330 minutes'))\n  END AS report_from_date,\n  CASE WHEN NULLIF(PARAM:to_date, '') IS NULL\n       THEN ''\n       ELSE strftime('%d-%m-%Y', datetime(PARAM:to_date, '+330 minutes'))\n  END AS report_to_date,\n  strftime('%d-%m-%Y', 'now', 'localtime') AS print_date;",
    "rows": "WITH daily_temps AS (\n  SELECT\n    date(datetime(timestamp_utc, '+330 minutes')) AS reading_date,\n    M1A_2_PT100_PV,\n    M1A_3_PT100_PV,\n    P3A_PT100_PV,\n    P4A_PT100_PV,\n    P5A_PT100_PV,\n    P6A_PT100_PV,\n    P8A_PT100_PV,\n    P8A_3_PT100_PV,\n    P8A_4_PT100_PV,\n    P8A_DRY_OUT_PT100_PV,\n    P9A_DRY_OUT_PT100_PV,\n    ROOM_PT100_PV\n  FROM neuract__TEMPERATURES\n  WHERE date(datetime(timestamp_utc, '+330 minutes')) >= date(datetime(PARAM:from_date, '+330 minutes'))\n    AND date(datetime(timestamp_utc, '+330 minutes')) <= date(datetime(PARAM:to_date, '+330 minutes'))\n)\nSELECT\n  reading_date AS row_column_1,\n  ROUND(MAX(M1A_2_PT100_PV) - MIN(M1A_2_PT100_PV), 1) AS row_column_2,\n  ROUND(MAX(M1A_3_PT100_PV) - MIN(M1A_3_PT100_PV), 1) AS row_column_3,\n  ROUND(MAX(P3A_PT100_PV) - MIN(P3A_PT100_PV), 1) AS row_column_4,\n  ROUND(MAX(P4A_PT100_PV) - MIN(P4A_PT100_PV), 1) AS row_column_5,\n  ROUND(MAX(P5A_PT100_PV) - MIN(P5A_PT100_PV), 1) AS row_column_6,\n  ROUND(MAX(P6A_PT100_PV) - MIN(P6A_PT100_PV), 1) AS row_costal_feeds,\n  ROUND(MAX(P8A_PT100_PV) - MIN(P8A_PT100_PV), 1) AS row_column_8,\n  ROUND(MAX(P8A_3_PT100_PV) - MIN(P8A_3_PT100_PV), 1) AS row_column_9,\n  ROUND(MAX(P8A_4_PT100_PV) - MIN(P8A_4_PT100_PV), 1) AS row_column_10,\n  ROUND(MAX(P8A_DRY_OUT_PT100_PV) - MIN(P8A_DRY_OUT_PT100_PV), 1) AS row_column_11,\n  ROUND(MAX(P9A_DRY_OUT_PT100_PV) - MIN(P9A_DRY_OUT_PT100_PV), 1) AS row_column_12,\n  ROUND(MAX(ROOM_PT100_PV) - MIN(ROOM_PT100_PV), 1) AS row_column_13\nFROM daily_temps\nGROUP BY reading_date\nHAVING (MAX(M1A_2_PT100_PV) - MIN(M1A_2_PT100_PV)) > 10\n    OR (MAX(P3A_PT100_PV) - MIN(P3A_PT100_PV)) > 10\n    OR (MAX(P8A_PT100_PV) - MIN(P8A_PT100_PV)) > 10\nORDER BY reading_date ASC;",
    "totals": "WITH daily_temps AS (\n  SELECT\n    date(datetime(timestamp_utc, '+330 minutes')) AS reading_date,\n    (MAX(M1A_2_PT100_PV) - MIN(M1A_2_PT100_PV)) AS temp_m1a_2,\n    (MAX(M1A_3_PT100_PV) - MIN(M1A_3_PT100_PV)) AS temp_m1a_3,\n    (MAX(P3A_PT100_PV) - MIN(P3A_PT100_PV)) AS temp_p3a,\n    (MAX(P4A_PT100_PV) - MIN(P4A_PT100_PV)) AS temp_p4a,\n    (MAX(P5A_PT100_PV) - MIN(P5A_PT100_PV)) AS temp_p5a,\n    (MAX(P6A_PT100_PV) - MIN(P6A_PT100_PV)) AS temp_p6a,\n    (MAX(P8A_PT100_PV) - MIN(P8A_PT100_PV)) AS temp_p8a,\n    (MAX(P8A_3_PT100_PV) - MIN(P8A_3_PT100_PV)) AS temp_p8a_3,\n    (MAX(P8A_4_PT100_PV) - MIN(P8A_4_PT100_PV)) AS temp_p8a_4,\n    (MAX(P8A_DRY_OUT_PT100_PV) - MIN(P8A_DRY_OUT_PT100_PV)) AS temp_p8a_dry,\n    (MAX(P9A_DRY_OUT_PT100_PV) - MIN(P9A_DRY_OUT_PT100_PV)) AS temp_p9a_dry,\n    (MAX(ROOM_PT100_PV) - MIN(ROOM_PT100_PV)) AS temp_room\n  FROM neuract__TEMPERATURES\n  WHERE date(datetime(timestamp_utc, '+330 minutes')) >= date(datetime(PARAM:from_date, '+330 minutes'))\n    AND date(datetime(timestamp_utc, '+330 minutes')) <= date(datetime(PARAM:to_date, '+330 minutes'))\n  GROUP BY date(datetime(timestamp_utc, '+330 minutes'))\n  HAVING temp_m1a_2 > 10 OR temp_p3a > 10 OR temp_p8a > 10\n)\nSELECT\n  ROUND(MAX(temp_m1a_2), 1) AS total_max_m1a_2,\n  ROUND(MAX(temp_m1a_3), 1) AS total_max_m1a_3,\n  ROUND(MAX(temp_p3a), 1) AS total_max_p3a,\n  ROUND(MAX(temp_p4a), 1) AS total_max_p4a,\n  ROUND(MAX(temp_p5a), 1) AS total_max_p5a,\n  ROUND(MAX(temp_p6a), 1) AS total_max_p6a,\n  ROUND(MAX(temp_p8a), 1) AS total_max_p8a,\n  ROUND(MAX(temp_p8a_3), 1) AS total_max_p8a_3,\n  ROUND(MAX(temp_p8a_4), 1) AS total_max_p8a_4,\n  ROUND(MAX(temp_p8a_dry), 1) AS total_max_p8a_dry,\n  ROUND(MAX(temp_p9a_dry), 1) AS total_max_p9a_dry,\n  ROUND(MAX(temp_room), 1) AS total_max_room,\n  ROUND(AVG((\n    COALESCE(temp_m1a_2, 0) + COALESCE(temp_m1a_3, 0) + COALESCE(temp_p3a, 0) +\n    COALESCE(temp_p4a, 0) + COALESCE(temp_p5a, 0) + COALESCE(temp_p6a, 0) +\n    COALESCE(temp_p8a, 0) + COALESCE(temp_p8a_3, 0) + COALESCE(temp_p8a_4, 0) +\n    COALESCE(temp_p8a_dry, 0) + COALESCE(temp_p9a_dry, 0) + COALESCE(temp_room, 0)\n  ) / 12.0), 1) AS total_overall_avg\nFROM daily_temps;"
  },
  "params": {
    "required": [
      "from_date",
      "to_date"
    ],
    "optional": []
  },
  "needs_user_fix": [],
  "invalid": false,
  "summary": {
    "method": "state_based_delta",
    "description": "Implements State-Based Delta temperature calculation: For each day and each sensor, finds the baseline (MIN value - stable cold point) and peak (MAX value - stable hot point). Temperature = Peak - Baseline. Only includes days with significant heating cycles (delta > 10)."
  },
  "cached": false,
  "key_tokens": []
}
