{
  "tokens": {
    "scalars": [
      "report_title",
      "report_subtitle",
      "report_from_date",
      "report_to_date",
      "print_date"
    ],
    "row_tokens": [
      "row_column_1",
      "row_column_2",
      "row_column_3",
      "row_column_4",
      "row_column_5",
      "row_column_6",
      "row_costal_feeds",
      "row_column_8",
      "row_column_9",
      "row_column_10",
      "row_column_11",
      "row_column_12",
      "row_column_13"
    ],
    "totals": []
  },
  "mapping": {
    "row_column_1": "neuract__TEMPERATURES.timestamp_utc",
    "row_column_2": "neuract__TEMPERATURES.M1A_2_PT100_PV",
    "row_column_3": "neuract__TEMPERATURES.M1A_3_PT100_PV",
    "row_column_4": "neuract__TEMPERATURES.P3A_PT100_PV",
    "row_column_5": "neuract__TEMPERATURES.P4A_PT100_PV",
    "row_column_6": "neuract__TEMPERATURES.P5A_PT100_PV",
    "row_costal_feeds": "neuract__TEMPERATURES.P6A_PT100_PV",
    "row_column_8": "neuract__TEMPERATURES.P8A_PT100_PV",
    "row_column_9": "neuract__TEMPERATURES.P8A_3_PT100_PV",
    "row_column_10": "neuract__TEMPERATURES.P8A_4_PT100_PV",
    "row_column_11": "neuract__TEMPERATURES.P8A_DRY_OUT_PT100_PV",
    "row_column_12": "neuract__TEMPERATURES.P9A_DRY_OUT_PT100_PV",
    "row_column_13": "neuract__TEMPERATURES.ROOM_PT100_PV"
  },
  "date_columns": {
    "neuract__TEMPERATURES": "timestamp_utc"
  },
  "filters": {
    "optional": {
      "from_ts": "neuract__TEMPERATURES.timestamp_utc",
      "to_ts": "neuract__TEMPERATURES.timestamp_utc"
    }
  },
  "reshape_rules": [
    {
      "purpose": "Select temperature snapshots as-is from source table.",
      "strategy": "DIRECT_SELECT",
      "columns": [
        {
          "as": "row_column_1",
          "from": [
            "neuract__TEMPERATURES.timestamp_utc"
          ]
        },
        {
          "as": "row_column_2",
          "from": [
            "neuract__TEMPERATURES.M1A_2_PT100_PV"
          ]
        },
        {
          "as": "row_column_3",
          "from": [
            "neuract__TEMPERATURES.M1A_3_PT100_PV"
          ]
        },
        {
          "as": "row_column_4",
          "from": [
            "neuract__TEMPERATURES.P3A_PT100_PV"
          ]
        },
        {
          "as": "row_column_5",
          "from": [
            "neuract__TEMPERATURES.P4A_PT100_PV"
          ]
        },
        {
          "as": "row_column_6",
          "from": [
            "neuract__TEMPERATURES.P5A_PT100_PV"
          ]
        },
        {
          "as": "row_costal_feeds",
          "from": [
            "neuract__TEMPERATURES.P6A_PT100_PV"
          ]
        },
        {
          "as": "row_column_8",
          "from": [
            "neuract__TEMPERATURES.P8A_PT100_PV"
          ]
        },
        {
          "as": "row_column_9",
          "from": [
            "neuract__TEMPERATURES.P8A_3_PT100_PV"
          ]
        },
        {
          "as": "row_column_10",
          "from": [
            "neuract__TEMPERATURES.P8A_4_PT100_PV"
          ]
        },
        {
          "as": "row_column_11",
          "from": [
            "neuract__TEMPERATURES.P8A_DRY_OUT_PT100_PV"
          ]
        },
        {
          "as": "row_column_12",
          "from": [
            "neuract__TEMPERATURES.P9A_DRY_OUT_PT100_PV"
          ]
        },
        {
          "as": "row_column_13",
          "from": [
            "neuract__TEMPERATURES.ROOM_PT100_PV"
          ]
        }
      ],
      "order_by": []
    }
  ],
  "row_computed": {},
  "totals_math": {},
  "formatters": {},
  "order_by": {
    "rows": [
      "neuract__TEMPERATURES.timestamp_utc ASC"
    ]
  },
  "row_order": [
    "neuract__TEMPERATURES.timestamp_utc ASC"
  ],
  "header_tokens": [
    "report_title",
    "report_subtitle",
    "report_from_date",
    "report_to_date",
    "print_date"
  ],
  "row_tokens": [
    "row_column_1",
    "row_column_2",
    "row_column_3",
    "row_column_4",
    "row_column_5",
    "row_column_6",
    "row_costal_feeds",
    "row_column_8",
    "row_column_9",
    "row_column_10",
    "row_column_11",
    "row_column_12",
    "row_column_13"
  ],
  "totals": {},
  "invalid": false
}