[
  {
    "header": "report_from_date",
    "placeholder": "{report_from_date}",
    "mapping": "CASE WHEN NULLIF(PARAM:from_date, '') IS NULL THEN '' ELSE strftime('%d-%m-%Y', date(PARAM:from_date)) END"
  },
  {
    "header": "report_to_date",
    "placeholder": "{report_to_date}",
    "mapping": "CASE WHEN NULLIF(PARAM:to_date, '') IS NULL THEN '' ELSE strftime('%d-%m-%Y', date(PARAM:to_date)) END"
  },
  {
    "header": "print_date",
    "placeholder": "{print_date}",
    "mapping": "strftime('%d-%m-%Y', 'now', 'localtime')"
  },
  {
    "header": "row_date",
    "placeholder": "{row_date}",
    "mapping": "date(neuract__TEMPERATURES.timestamp_utc)"
  },
  {
    "header": "row_m1a_2_pt100_pv",
    "placeholder": "{row_m1a_2_pt100_pv}",
    "mapping": "AVG(COALESCE(neuract__TEMPERATURES.M1A_2_PT100_PV, 0))"
  },
  {
    "header": "row_m1a_3_pt100_pv",
    "placeholder": "{row_m1a_3_pt100_pv}",
    "mapping": "AVG(COALESCE(neuract__TEMPERATURES.M1A_3_PT100_PV, 0))"
  },
  {
    "header": "row_p3a_pt100_pv",
    "placeholder": "{row_p3a_pt100_pv}",
    "mapping": "AVG(COALESCE(neuract__TEMPERATURES.P3A_PT100_PV, 0))"
  },
  {
    "header": "row_p4a_pt100_pv",
    "placeholder": "{row_p4a_pt100_pv}",
    "mapping": "AVG(COALESCE(neuract__TEMPERATURES.P4A_PT100_PV, 0))"
  },
  {
    "header": "row_p5a_pt100_pv",
    "placeholder": "{row_p5a_pt100_pv}",
    "mapping": "AVG(COALESCE(neuract__TEMPERATURES.P5A_PT100_PV, 0))"
  },
  {
    "header": "row_p6a_pt100_pv",
    "placeholder": "{row_p6a_pt100_pv}",
    "mapping": "AVG(COALESCE(neuract__TEMPERATURES.P6A_PT100_PV, 0))"
  },
  {
    "header": "row_p8a_3_pt100_pv",
    "placeholder": "{row_p8a_3_pt100_pv}",
    "mapping": "AVG(COALESCE(neuract__TEMPERATURES.P8A_3_PT100_PV, 0))"
  },
  {
    "header": "row_p8a_4_pt100_pv",
    "placeholder": "{row_p8a_4_pt100_pv}",
    "mapping": "AVG(COALESCE(neuract__TEMPERATURES.P8A_4_PT100_PV, 0))"
  },
  {
    "header": "row_p8a_dry_out_pt100_pv",
    "placeholder": "{row_p8a_dry_out_pt100_pv}",
    "mapping": "AVG(COALESCE(neuract__TEMPERATURES.P8A_DRY_OUT_PT100_PV, 0))"
  },
  {
    "header": "row_p8a_pt100_pv",
    "placeholder": "{row_p8a_pt100_pv}",
    "mapping": "AVG(COALESCE(neuract__TEMPERATURES.P8A_PT100_PV, 0))"
  },
  {
    "header": "row_p9a_dry_out_pt100_pv",
    "placeholder": "{row_p9a_dry_out_pt100_pv}",
    "mapping": "AVG(COALESCE(neuract__TEMPERATURES.P9A_DRY_OUT_PT100_PV, 0))"
  },
  {
    "header": "row_room_pt100_pv",
    "placeholder": "{row_room_pt100_pv}",
    "mapping": "AVG(COALESCE(neuract__TEMPERATURES.ROOM_PT100_PV, 0))"
  },
  {
    "header": "row_avg_temp",
    "placeholder": "{row_avg_temp}",
    "mapping": "(COALESCE(neuract__TEMPERATURES.M1A_2_PT100_PV, 0) + COALESCE(neuract__TEMPERATURES.M1A_3_PT100_PV, 0) + COALESCE(neuract__TEMPERATURES.P3A_PT100_PV, 0) + COALESCE(neuract__TEMPERATURES.P4A_PT100_PV, 0) + COALESCE(neuract__TEMPERATURES.P5A_PT100_PV, 0) + COALESCE(neuract__TEMPERATURES.P6A_PT100_PV, 0) + COALESCE(neuract__TEMPERATURES.P8A_3_PT100_PV, 0) + COALESCE(neuract__TEMPERATURES.P8A_4_PT100_PV, 0) + COALESCE(neuract__TEMPERATURES.P8A_DRY_OUT_PT100_PV, 0) + COALESCE(neuract__TEMPERATURES.P8A_PT100_PV, 0) + COALESCE(neuract__TEMPERATURES.P9A_DRY_OUT_PT100_PV, 0) + COALESCE(neuract__TEMPERATURES.ROOM_PT100_PV, 0)) / 12"
  }
]