{
  "event": "mapping_key_options",
  "timestamp": "20251113-151850",
  "template_id": "c5598348-4d89-445e-a2f9-43a3aa6382ee-machine_runtime",
  "template_kind": "pdf",
  "connection_id": "fe18debd-3acd-4567-9ff6-405c774f2eb4",
  "db_path": "C:\\Users\\alfre\\Downloads\\NeuraReport\\Coastal feeds\\test - Copy.db",
  "tokens_available": [
    "machine_name"
  ],
  "token_details": {
    "machine_name": {
      "table": "runtime_machine_keys",
      "column": "machine_name",
      "date_column": null,
      "applied_date_filters": false,
      "sql": "\"machine_name\" IS NOT NULL AND TRIM(CAST(\"machine_name\" AS TEXT)) <> ''",
      "params": [],
      "fallback_used": false,
      "error": null,
      "row_count": 224,
      "binding_source": "mapping"
    }
  }
}